"0","1063","4770"
"0","730","7198"
"0","860","1782"
"0","376","6399"
"0","1031","5266"
"0","201","3808"
"0","1243","3355"
"0","163","6404"
"0","1136","5929"
"0","369","4836"
"0","1006","6193"
"0","1072","7295"
"0","1768","4272"
"0","1047","3305"
"0","1501","398"
"0","1172","3343"
"0","1237","1998"
"0","443","772"
"0","1871","6453"
"0","638","893"
"0","997","9942"
"0","626","5855"
"0","267","4164"
"0","1366","7988"
"0","41","465"
"0","1439","1282"
"0","333","9451"
"0","880","1077"
"0","1882","6306"
"0","240","22"
"0","1224","2013"
"0","1075","7808"
"0","291","3878"
"0","852","4940"
"0","792","6714"
"0","589","6503"
"0","1144","6038"
"0","822","8925"
"0","81","5964"
"0","1415","2420"
"0","744","1876"
"0","190","5576"
"0","78","366"
"0","888","2041"
"0","1303","708"
"0","1866","8828"
"0","476","3148"
"0","751","8614"
"0","729","7858"
"0","1358","2742"
"0","1589","2434"
"0","1730","2176"
"0","668","1738"
"0","1952","4244"
"0","1126","4533"
"0","826","9429"
"0","1624","4713"
"0","1406","9390"
"0","25","1004"
"0","1070","9271"
"2","441","7608"
"2","1091","536"
"2","1630","1765"
"2","1109","2376"
"2","1379","1435"
"2","93","6190"
"2","1061","1320"
"2","1423","2116"
"2","1705","337"
"2","312","188"
"2","348","4212"
"2","1872","6504"
"2","744","8991"
"2","911","9005"
"2","550","7093"
"2","1426","3437"
"2","220","3247"
"2","591","1112"
"2","1960","1801"
"2","155","4057"
"2","407","6458"
"2","837","338"
"2","683","1712"
"2","572","1844"
"2","1596","1596"
"2","1798","3113"
"2","1547","4283"
"2","730","145"
"2","439","9886"
"2","1542","5396"
"2","1545","4612"
"2","1024","5652"
"2","1471","7631"
"2","1309","1652"
"2","1280","8367"
"2","1923","4314"
"2","244","7811"
"2","147","2596"
"2","1531","3530"
"2","237","8003"
"2","1392","1228"
"2","1931","975"
"2","1564","5410"
"2","1520","290"
"2","1075","1028"
"2","1463","9260"
"2","1293","7989"
"2","998","174"
"2","880","4748"
"2","1920","7837"
"2","957","7581"
"2","1577","4289"
"2","1439","4573"
"2","78","552"
"2","210","3833"
"2","432","6909"
"2","939","6692"
"2","1911","1246"
"2","1182","8177"
"2","308","4884"
"2","195","9380"
"2","1144","435"
"2","800","6322"
"2","1532","7694"
"2","25","6714"
"2","1164","1300"
"2","1483","2059"
"2","249","2599"
"2","1468","4471"
"2","81","8962"
"2","392","6184"
"2","1624","9563"
"2","1999","6861"
"2","788","5872"
"2","1352","6290"
"2","3","9728"
"2","1664","1622"
"2","1299","8096"
"2","1775","9215"
"2","630","8708"
"2","950","1298"
"2","1939","1062"
"6","443","7927"
"6","1717","482"
"6","298","1183"
"6","1911","5826"
"6","997","4141"
"6","1252","2034"
"6","497","9498"
"6","87","4059"
"7","1589","472"
"7","1762","3229"
"7","35","5126"
"7","543","8733"
"7","1179","6496"
"7","645","3314"
"7","903","742"
"7","870","1893"
"7","1285","3483"
"7","146","2325"
"7","470","2735"
"7","789","1826"
"7","1520","8206"
"7","1125","8973"
"7","244","5557"
"7","1297","9497"
"7","304","1570"
"7","1827","9396"
"7","216","4462"
"7","392","8053"
"7","1719","893"
"7","1416","5061"
"7","1098","7796"
"7","1202","4096"
"7","1002","9543"
"7","1567","7808"
"7","359","988"
"7","1874","9397"
"7","755","9710"
"7","800","8122"
"7","1298","4477"
"7","700","8466"
"7","926","7393"
"7","439","1036"
"7","1503","7873"
"7","183","6560"
"7","1655","5721"
"7","1786","5919"
"7","934","7611"
"10","529","2562"
"10","833","994"
"10","1846","2596"
"10","34","8711"
"10","66","276"
"10","1299","2906"
"10","1040","6255"
"10","190","4713"
"10","1553","6200"
"10","1450","316"
"10","765","9636"
"10","1832","4152"
"10","1730","1252"
"10","1392","6924"
"10","1989","1104"
"10","1520","2672"
"10","439","101"
"10","820","3827"
"10","517","1769"
"10","1215","6104"
"10","770","3992"
"10","771","1059"
"10","1192","8247"
"10","217","8496"
"10","1047","7017"
"10","1346","3395"
"10","245","5962"
"10","884","8995"
"10","1417","7652"
"10","1181","1601"
"10","203","2658"
"10","399","1593"
"10","913","3794"
"10","1655","6456"
"10","1366","136"
"10","605","4198"
"10","1367","4744"
"10","72","8908"
"10","1375","2067"
"10","665","1368"
"10","1837","336"
"10","221","7837"
"10","180","6128"
"10","1882","6445"
"10","587","4915"
"10","315","9391"
"10","1972","902"
"10","1979","1365"
"10","1881","1369"
"10","1939","1681"
"10","122","590"
"10","718","2268"
"10","930","765"
"10","1070","6143"
"10","458","3965"
"10","648","9684"
"10","540","4104"
"14","1667","748"
"14","668","4745"
"14","220","7082"
"14","392","3316"
"14","1094","8003"
"14","1063","5653"
"14","624","4046"
"14","603","9528"
"14","1705","4363"
"14","1183","8489"
"14","1719","1173"
"14","216","6035"
"14","1759","663"
"14","1128","5500"
"14","240","1478"
"14","261","1735"
"14","576","8866"
"14","1375","8611"
"14","1366","9352"
"14","438","8341"
"14","1437","9270"
"14","873","3901"
"14","692","1295"
"14","733","8245"
"14","527","222"
"14","65","2067"
"14","1311","94"
"14","1911","6119"
"14","538","3076"
"14","248","1796"
"14","1190","2917"
"14","1694","6975"
"14","1887","3284"
"14","1017","5737"
"14","1827","9685"
"14","23","559"
"14","408","1875"
"14","738","7643"
"14","520","2491"
"14","1472","2411"
"14","1952","9242"
"14","236","8996"
"14","909","7229"
"14","159","7822"
"14","1579","2392"
"14","75","7717"
"14","953","9980"
"14","270","7314"
"14","1323","6693"
"14","1231","5120"
"14","641","2214"
"14","399","8592"
"14","1730","2345"
"14","1112","351"
"14","420","9334"
"14","218","6897"
"14","246","8992"
"14","1881","9183"
"14","1181","308"
"14","597","7410"
"14","217","9114"
"14","1027","7294"
"14","1172","8669"
"14","397","6511"
"14","1890","8587"
"14","530","3655"
"14","654","5650"
"14","1712","9908"
"14","1795","539"
"14","498","7986"
"14","412","2958"
"14","716","9080"
"14","998","7213"
"14","1238","3380"
"14","1042","446"
"14","1258","3316"
"14","824","5755"
"14","1775","357"
"14","232","8250"
"14","1920","2874"
"14","1605","6941"
"14","268","528"
"14","1170","2293"
"14","361","6618"
"14","1682","3900"
"14","954","1053"
"14","1359","7794"
"14","1201","9855"
"14","534","2440"
"14","1503","2321"
"14","1549","6257"
"14","710","6519"
"14","516","6151"
"14","612","9762"
"14","820","9582"
"14","1802","5554"
"14","441","3731"
"14","698","1701"
"17","644","3094"
"17","1638","6070"
"17","1764","2004"
"17","1239","9128"
"17","1774","3743"
"17","1616","2549"
"17","1852","2587"
"17","1156","231"
"17","608","4170"
"17","567","4549"
"17","1201","9491"
"17","1754","935"
"17","597","6451"
"17","1064","7369"
"17","916","1349"
"17","431","8454"
"17","1171","8259"
"17","1342","3644"
"17","704","2139"
"17","1337","4115"
"17","660","584"
"17","591","1987"
"17","1275","8338"
"17","1124","9068"
"17","1474","8361"
"17","1660","7155"
"17","760","7472"
"17","961","7455"
"17","820","4930"
"17","1338","1270"
"17","154","5289"
"17","1840","1454"
"17","550","5959"
"17","135","5165"
"17","486","6941"
"17","1520","6967"
"17","1770","4189"
"17","641","2975"
"17","1802","8946"
"17","1038","7413"
"17","213","7647"
"17","451","5123"
"17","1361","8236"
"17","1350","3363"
"17","178","6130"
"17","1059","7920"
"17","1722","6994"
"17","20","5232"
"17","1034","9238"
"17","438","6786"
"17","241","5942"
"17","1795","3607"
"17","1316","5010"
"17","1548","8818"
"18","725","2734"
"18","471","4079"
"18","1814","649"
"18","1463","6851"
"18","1071","5156"
"18","285","3878"
"18","605","4551"
"18","1945","3130"
"18","19","6923"
"18","926","9027"
"18","551","485"
"18","1329","8253"
"18","1362","7113"
"18","1472","1697"
"18","1217","7072"
"18","628","3215"
"18","1840","8865"
"18","268","2790"
"18","569","3989"
"18","441","3568"
"18","1311","1553"
"18","772","4623"
"18","1811","5234"
"18","1800","1277"
"18","451","80"
"18","881","8834"
"18","729","4500"
"18","283","4727"
"18","1799","4749"
"18","1026","8376"
"18","1374","1338"
"18","969","6204"
"18","1729","2530"
"18","1586","631"
"18","1767","9185"
"18","29","6461"
"18","498","8069"
"18","826","4624"
"18","378","8655"
"18","313","2279"
"18","38","9405"
"18","1491","9893"
"18","1051","5349"
"18","416","1202"
"18","1974","5483"
"18","1897","2083"
"18","845","7084"
"18","1560","3976"
"18","106","1396"
"18","18","9846"
"18","1093","6560"
"18","66","1297"
"18","137","1851"
"18","1492","3290"
"18","902","1660"
"18","1577","8641"
"18","587","8434"
"18","1395","1081"
"18","648","7076"
"18","1310","7913"
"18","1714","7170"
"18","1657","9734"
"18","47","354"
"18","1835","1570"
"18","1273","9270"
"20","621","2319"
"20","235","449"
"20","440","7196"
"20","147","755"
"20","1484","6863"
"20","1952","8114"
"20","521","4614"
"20","760","4511"
"20","789","4580"
"20","1083","289"
"20","421","8521"
"20","1232","9976"
"20","11","7199"
"20","737","2559"
"20","1533","403"
"20","1611","5740"
"20","687","1993"
"20","1794","4971"
"20","503","9662"
"20","1879","3454"
"20","602","3820"
"20","1832","1501"
"20","66","4500"
"20","476","4384"
"20","1589","3424"
"20","1450","3047"
"20","1599","3386"
"20","169","3580"
"20","1923","5846"
"20","767","2273"
"20","765","4440"
"20","321","3303"
"20","597","4781"
"20","1235","9719"
"20","1634","7202"
"20","1367","6923"
"20","1434","6404"
"20","1560","5512"
"20","268","72"
"20","780","2853"
"20","1247","5528"
"20","1061","9053"
"20","267","8637"
"20","1574","2653"
"20","1791","4934"
"20","932","6961"
"20","1741","1975"
"20","1678","9514"
"20","93","5977"
"20","1945","7970"
"20","840","461"
"20","516","438"
"20","1446","3741"
"20","1073","1038"
"20","1859","7161"
"20","731","2729"
"20","866","2125"
"20","251","67"
"20","953","8977"
"20","1371","6848"
"20","19","9187"
"20","1043","222"
"20","211","6787"
"20","106","7045"
"20","506","2827"
"20","645","5061"
"20","1524","2991"
"20","1774","5543"
"20","732","4443"
"20","1525","1623"
"20","561","3127"
"20","1341","2680"
"20","923","2657"
"20","1790","8937"
"20","1205","7959"
"20","856","1393"
"20","1851","979"
"20","881","6839"
"20","1189","2550"
"20","1406","7926"
"20","1474","7897"
"20","1185","8075"
"20","1696","3465"
"20","368","7972"
"20","416","4628"
"20","220","1246"
"27","973","8965"
"27","322","9857"
"27","669","5907"
"27","1578","9744"
"27","292","1905"
"27","997","5282"
"27","1440","9921"
"27","673","4916"
"27","1049","48"
"27","516","8401"
"27","1589","8620"
"27","551","9619"
"27","1208","2965"
"27","1006","9375"
"27","1422","239"
"27","502","7293"
"27","574","8636"
"27","216","1311"
"27","299","4044"
"27","1718","5735"
"27","1476","6555"
"27","301","9641"
"27","1454","5046"
"27","954","7371"
"27","270","7862"
"27","1095","9268"
"27","1971","59"
"27","1070","4155"
"27","790","4298"
"27","1931","1296"
"27","909","3974"
"27","1515","8150"
"27","1539","4407"
"27","1471","2342"
"27","961","7613"
"27","278","7185"
"27","313","7127"
"27","245","2334"
"27","1756","3934"
"27","399","1455"
"27","1595","2664"
"27","50","4855"
"27","1213","5282"
"27","1127","7841"
"27","1314","1148"
"27","527","9793"
"27","208","4867"
"27","1973","8789"
"27","1581","6187"
"27","1300","1099"
"27","465","9254"
"27","1859","4928"
"27","840","4080"
"27","1144","7312"
"27","777","7472"
"27","1309","2888"
"27","1924","8258"
"27","1755","6218"
"27","533","4470"
"27","1392","8967"
"27","64","978"
"27","1005","2761"
"27","397","7141"
"27","1103","5082"
"27","523","9551"
"27","1011","1466"
"27","1423","9692"
"27","1426","7269"
"27","605","8998"
"28","1472","126"
"28","35","7185"
"28","1437","4793"
"28","383","9187"
"28","928","2787"
"28","1163","7850"
"28","489","6687"
"28","254","6992"
"28","1254","3222"
"28","1729","1653"
"28","1006","9174"
"28","286","5986"
"28","1790","1830"
"28","1108","7145"
"28","1924","1628"
"28","1734","1261"
"28","248","6264"
"28","1307","1680"
"28","346","9874"
"28","65","9214"
"28","1722","974"
"28","599","5108"
"28","1164","6510"
"28","417","3811"
"28","245","4373"
"28","1426","6371"
"28","665","5567"
"28","1923","799"
"28","10","5935"
"28","607","995"
"28","1882","4943"
"28","413","567"
"28","1887","2891"
"28","1316","2295"
"28","1280","6049"
"28","1238","1403"
"28","139","3657"
"28","36","1051"
"28","1189","8328"
"28","786","4555"
"28","736","717"
"28","345","6011"
"28","688","9778"
"28","171","4236"
"28","666","9463"
"28","1374","9951"
"28","241","4691"
"28","1549","8754"
"28","527","5689"
"28","1501","1553"
"28","687","9071"
"28","1146","4814"
"28","1972","630"
"28","376","5078"
"28","1265","7367"
"28","180","9004"
"28","721","4984"
"28","38","2101"
"28","626","818"
"28","910","8198"
"28","111","9308"
"28","1026","1410"
"28","1434","1091"
"28","1362","1500"
"28","1128","8549"
"28","1751","4118"
"28","441","2689"
"28","407","1144"
"28","136","1991"
"28","433","5444"
"28","523","9554"
"28","1713","2467"
"28","969","5138"
"28","1182","5080"
"28","1403","9149"
"28","1413","9063"
"28","1300","4198"
"28","1973","7188"
"28","539","5757"
"28","379","5699"
"28","1811","8248"
"28","1269","4344"
"28","1283","9628"
"30","54","9955"
"30","1430","2166"
"30","1812","4069"
"30","216","1228"
"30","1051","5716"
"30","180","4495"
"30","301","1572"
"30","699","1814"
"30","814","6468"
"30","767","1382"
"30","1156","2777"
"30","739","9145"
"30","1668","9767"
"30","694","9806"
"30","1520","9652"
"30","372","735"
"30","122","3520"
"30","686","6423"
"30","1303","4470"
"30","50","9539"
"30","1754","8717"
"30","1624","4090"
"30","914","227"
"30","1872","2261"
"30","645","9720"
"30","295","3489"
"30","1231","3558"
"30","19","2177"
"30","1236","5241"
"30","957","1408"
"30","1490","5894"
"30","1840","5997"
"30","1667","5179"
"30","1367","6028"
"30","238","8764"
"30","873","5003"
"30","1245","7671"
"30","1366","5374"
"30","1131","8540"
"30","1655","2127"
"30","1574","5517"
"30","1751","4802"
"30","201","473"
"30","1908","1068"
"30","924","6931"
"30","1141","7898"
"30","1376","3053"
"30","1481","6194"
"30","1685","55"
"30","183","6640"
"31","1579","6163"
"31","1802","1848"
"31","1190","1655"
"31","313","871"
"31","522","4107"
"31","1225","879"
"31","1767","7684"
"31","859","600"
"31","1677","5589"
"31","661","1614"
"31","1659","3542"
"31","1160","6913"
"31","855","1044"
"31","108","4218"
"31","351","3816"
"31","533","3892"
"43","343","8495"
"43","1189","6093"
"43","581","9936"
"43","1002","2792"
"43","178","9478"
"43","1070","8089"
"43","576","6103"
"43","1415","7364"
"43","1300","5604"
"43","1896","8150"
"43","1678","4129"
"43","930","7223"
"43","1791","1780"
"43","1450","4976"
"43","169","7277"
"43","1354","1712"
"43","611","1441"
"43","842","3580"
"43","1638","1199"
"43","1967","8679"
"43","1304","7128"
"43","687","2537"
"43","1225","8204"
"43","702","3744"
"43","1745","4867"
"43","1505","7957"
"47","1609","8243"
"47","732","971"
"47","25","1655"
"49","793","8872"
"49","601","8445"
"49","739","4144"
"49","661","8176"
"49","1191","6703"
"49","846","660"
"49","211","5296"
"50","937","5922"
"50","1416","9695"
"50","308","3243"
"50","1712","7892"
"50","1147","3581"
"50","1678","5271"
"50","1623","5728"
"50","786","5483"
"50","1851","4401"
"50","317","781"
"50","292","6725"
"50","1036","6858"
"50","486","2972"
"50","520","9370"
"50","653","4191"
"50","899","2862"
"50","286","8793"
"50","241","9149"
"50","1172","871"
"50","511","1130"
"50","428","3334"
"50","519","1620"
"50","1415","1811"
"50","25","4262"
"50","201","5034"
"50","1374","8207"
"50","1860","6693"
"50","771","9839"
"50","951","4334"
"50","605","1158"
"50","155","51"
"50","1767","6395"
"50","1786","3869"
"50","1104","6495"
"50","1866","745"
"50","1043","8775"
"50","729","666"
"50","298","7136"
"50","435","5584"
"50","72","3910"
"50","900","916"
"50","1769","7020"
"50","1770","9117"
"50","1609","5060"
"50","1713","5694"
"50","322","8116"
"50","1189","5392"
"50","437","8181"
"50","1593","5445"
"50","129","8440"
"50","1033","5480"
"50","1094","3849"
"50","165","2148"
"50","1501","4931"
"50","698","6215"
"50","1285","8375"
"50","665","9893"
"50","154","5919"
"50","161","7638"
"50","401","9677"
"50","793","4678"
"50","581","2612"
"50","909","6359"
"50","1382","9658"
"50","14","5820"
"50","553","6227"
"50","1877","7277"
"50","1924","9622"
"50","1208","6848"
"50","1146","5166"
"50","1213","21"
"50","853","7543"
"50","1257","4849"
"50","489","7288"
"50","661","1993"
"50","924","8337"
"50","818","7336"
"50","587","9459"
"50","396","5869"
"50","1794","3093"
"50","1566","497"
"50","957","1865"
"50","237","9750"
"50","1347","694"
"50","1724","5549"
"52","76","7774"
"52","1509","8323"
"52","232","5815"
"52","859","415"
"52","755","4220"
"52","109","7736"
"52","1887","1828"
"52","1149","8372"
"52","1171","6918"
"52","414","9111"
"52","803","69"
"52","221","218"
"52","1832","1780"
"52","0","937"
"52","1791","6471"
"52","1098","7055"
"52","673","1088"
"52","1633","8259"
"52","1150","7303"
"52","1575","9231"
"52","1207","977"
"52","93","6817"
"52","214","9473"
"52","347","3390"
"52","519","5970"
"52","321","5720"
"52","1047","6138"
"52","1052","2958"
"52","1824","6424"
"52","536","7050"
"52","838","3315"
"52","725","6524"
"52","218","6585"
"52","445","3788"
"52","420","5433"
"52","1906","943"
"52","1481","2451"
"52","951","4030"
"52","1174","7104"
"52","1901","9171"
"52","1651","1120"
"52","737","9618"
"52","423","7052"
"52","645","8404"
"52","979","2448"
"52","1444","293"
"52","602","1336"
"52","553","2945"
"52","666","4929"
"52","1396","3402"
"52","909","9629"
"52","1172","6128"
"52","1559","2429"
"52","717","3496"
"52","1356","9682"
"52","589","6229"
"55","1033","3804"
"55","1416","1906"
"55","957","9994"
"55","1041","8205"
"55","1780","4123"
"55","1603","2293"
"55","146","3101"
"55","1005","6331"
"55","387","1625"
"55","1504","8173"
"55","1795","3044"
"55","477","6601"
"55","1960","7945"
"55","420","6227"
"55","1696","7064"
"55","19","700"
"55","1945","3439"
"55","910","6542"
"55","471","3379"
"55","188","3589"
"55","780","8800"
"55","765","6857"
"55","738","3952"
"55","408","5241"
"55","436","6473"
"55","1944","5090"
"55","10","1322"
"55","861","4648"
"55","1111","1067"
"55","163","4243"
"55","804","4274"
"55","539","2364"
"55","1529","5276"
"55","1093","9288"
"55","381","5750"
"55","1718","9420"
"55","246","2719"
"55","313","7629"
"55","1849","3351"
"55","1874","423"
"55","1815","9871"
"55","1323","7356"
"55","1532","179"
"55","1954","7422"
"55","1379","8730"
"55","34","4867"
"55","624","867"
"55","1822","1423"
"55","658","1898"
"55","111","9297"
"55","1937","4203"
"55","1493","4785"
"55","1394","3347"
"55","580","177"
"55","75","5279"
"55","1542","4373"
"55","938","5634"
"55","833","3773"
"55","513","8180"
"55","439","2502"
"55","787","2436"
"55","1992","7786"
"55","1109","6238"
"55","1605","8945"
"55","534","6917"
"55","923","969"
"55","213","1842"
"55","1557","1246"
"55","970","4359"
"55","176","3869"
"55","1148","2473"
"55","106","7621"
"55","1472","9954"
"55","954","6019"
"55","244","7916"
"55","401","3791"
"55","1458","6987"
"55","217","431"
"55","333","2661"
"55","425","7468"
"55","454","2648"
"55","1275","7060"
"55","310","9512"
"55","1329","3533"
"55","155","1002"
"55","1270","6299"
"55","755","7564"
"55","516","29"
"55","1359","1733"
"55","1881","3568"
"55","1363","2224"
"55","1756","1196"
"55","1299","4307"
"55","193","344"
"55","85","2015"
"55","218","4149"
"55","1214","2205"
"55","1298","1950"
"55","1287","6910"
"55","1893","6484"
"59","431","8620"
"59","1017","4533"
"59","745","7436"
"59","950","6459"
"59","1213","1325"
"59","425","9419"
"59","213","103"
"59","1800","5595"
"59","1345","1068"
"59","661","114"
"59","1272","7794"
"59","732","7029"
"59","443","2752"
"59","700","5693"
"59","903","6204"
"59","1314","304"
"59","456","4369"
"59","1418","6743"
"59","965","5917"
"59","1207","2776"
"59","522","1501"
"59","913","5073"
"59","1952","9014"
"59","1199","3216"
"59","423","8680"
"59","824","8361"
"59","69","2425"
"59","1127","1248"
"59","972","2686"
"59","1397","1187"
"59","68","7388"
"59","1172","9353"
"59","1564","8390"
"59","1287","1193"
"59","676","8077"
"59","1276","5731"
"59","75","8461"
"59","1143","9761"
"59","755","5808"
"59","510","3589"
"59","1869","5421"
"59","1273","2539"
"59","644","750"
"59","372","422"
"59","939","8375"
"59","319","1466"
"59","1893","7135"
"59","1511","6329"
"59","268","6435"
"59","887","5131"
"59","476","6105"
"59","1586","2643"
"59","1350","5477"
"59","838","875"
"59","1429","5677"
"59","1515","6712"
"59","1154","8402"
"59","1593","2371"
"59","1566","2183"
"59","244","4625"
"59","1339","4185"
"59","1557","9925"
"59","1521","4326"
"59","1553","4204"
"59","1148","2300"
"59","1775","4334"
"59","1159","16"
"59","407","5321"
"59","64","9818"
"59","849","497"
"59","1538","2807"
"59","1712","9582"
"59","756","130"
"59","78","5406"
"59","439","160"
"59","259","1809"
"59","803","4366"
"59","1907","647"
"59","1233","8667"
"59","1033","7335"
"59","414","3159"
"59","41","1511"
"59","1764","3968"
"59","49","274"
"59","1872","1720"
"59","731","42"
"59","1760","6605"
"59","338","4491"
"59","587","31"
"59","190","8531"
"59","823","7375"
"59","1471","2237"
"59","1914","2399"
"59","1767","9725"
"59","1358","7633"
"59","1487","3094"
"59","159","868"
"59","1846","3772"
"59","622","8889"
"59","826","7630"
"62","746","1088"
"62","250","4817"
"62","845","4025"
"62","1734","5368"
"62","1609","6488"
"62","1049","1428"
"62","972","9367"
"62","1939","5250"
"62","1992","4719"
"62","1897","6353"
"62","215","4810"
"63","792","5020"
"63","1794","7711"
"63","91","1659"
"63","81","5903"
"63","1507","8998"
"63","1016","2630"
"63","1565","1343"
"63","853","1322"
"63","1382","4367"
"63","422","5756"
"63","151","4179"
"63","1476","8617"
"63","961","6456"
"63","75","7374"
"63","1094","8827"
"63","234","2579"
"63","107","5760"
"63","1478","3565"
"63","1574","5945"
"63","1413","7667"
"63","641","2731"
"63","301","5354"
"63","1283","8909"
"63","1849","8389"
"63","834","4536"
"63","520","7267"
"63","686","1019"
"63","1522","1612"
"63","717","7381"
"63","1045","9736"
"63","207","4957"
"63","387","5912"
"63","1036","4953"
"63","1392","6862"
"63","1668","9098"
"63","1005","1843"
"63","300","5034"
"63","1967","2710"
"63","1659","5858"
"63","292","2126"
"63","644","4369"
"63","924","9050"
"63","1962","2896"
"63","1541","790"
"63","1128","7447"
"63","1136","2235"
"63","1826","590"
"63","136","4847"
"63","1171","6120"
"63","1906","9611"
"63","832","8205"
"63","20","9783"
"63","1657","1885"
"63","183","7527"
"63","1186","6627"
"63","661","4138"
"63","1850","9771"
"63","1454","5214"
"64","1233","5196"
"64","299","5257"
"64","1529","6952"
"64","125","214"
"64","1814","3122"
"64","556","5056"
"64","1827","2033"
"64","1171","7063"
"64","1359","2460"
"64","1047","3409"
"64","1005","380"
"64","693","556"
"64","1083","974"
"64","1694","4363"
"64","1499","3002"
"64","1126","8650"
"64","70","3287"
"64","1163","1787"
"64","744","8366"
"64","25","5371"
"64","522","3438"
"64","333","1536"
"64","1682","9953"
"64","1164","5598"
"64","32","4235"
"64","611","9218"
"64","1376","3830"
"64","1094","1365"
"64","535","5143"
"64","1175","8490"
"64","1125","8357"
"64","631","1271"
"64","174","7559"
"64","269","3996"
"64","569","9791"
"64","1026","8632"
"64","555","2669"
"64","1840","128"
"64","54","4201"
"64","859","5843"
"64","706","2785"
"64","903","8028"
"64","1639","598"
"64","391","2149"
"64","1192","1427"
"64","536","7405"
"64","421","6857"
"64","1275","6808"
"64","205","2198"
"64","241","7002"
"64","1232","541"
"64","140","4549"
"64","773","8567"
"64","1574","7273"
"64","1398","8875"
"64","1311","7751"
"64","1073","7669"
"64","1017","1547"
"64","1905","7001"
"64","1048","6561"
"64","1243","6121"
"64","477","4333"
"64","957","7703"
"64","769","4733"
"64","441","7938"
"64","234","1743"
"64","1520","9830"
"64","102","7954"
"64","1483","4979"
"64","627","8361"
"64","1999","895"
"64","1147","2481"
"64","846","2265"
"64","739","5562"
"64","64","5433"
"64","0","905"
"64","837","8910"
"64","1436","4581"
"64","585","957"
"64","843","628"
"64","602","2764"
"64","591","258"
"64","1876","4255"
"64","1877","2546"
"64","221","9745"
"64","1707","4033"
"64","1760","1461"
"65","1082","787"
"65","251","5604"
"65","1490","6295"
"65","690","8029"
"65","1642","352"
"65","1225","8677"
"65","1351","113"
"65","1986","1059"
"65","1190","6270"
"65","939","9677"
"65","730","7866"
"65","258","452"
"65","841","7905"
"65","1395","9135"
"65","1320","4064"
"65","1338","8366"
"65","567","1789"
"65","777","6796"
"65","1036","9223"
"65","447","4875"
"65","1283","4757"
"65","736","5126"
"65","1954","8445"
"65","529","7960"
"65","234","5567"
"65","1859","8798"
"65","435","9513"
"65","482","7756"
"65","1358","4694"
"65","1258","4117"
"65","57","2247"
"65","1529","6566"
"65","1217","8451"
"65","456","2587"
"65","124","7578"
"65","135","4618"
"65","174","8592"
"65","1154","2203"
"65","910","4118"
"65","879","799"
"65","1024","9891"
"65","645","6486"
"65","921","180"
"65","414","6753"
"65","599","962"
"65","1002","4594"
"65","538","735"
"65","261","218"
"65","1874","6492"
"65","1770","7463"
"65","1314","7441"
"65","164","2272"
"65","1611","7980"
"65","1930","4987"
"65","399","9194"
"65","534","4109"
"65","572","3012"
"65","608","717"
"65","1783","6843"
"65","325","7776"
"65","35","3420"
"65","249","7605"
"65","820","2062"
"65","178","4636"
"65","1789","5710"
"65","166","2295"
"65","1969","4730"
"65","653","9706"
"65","489","143"
"65","721","8319"
"65","963","1562"
"65","81","77"
"65","1260","4514"
"65","1557","7542"
"65","957","6892"
"65","1754","5827"
"65","1472","6667"
"65","51","4694"
"65","1287","1126"
"65","6","5726"
"65","13","8532"
"65","1415","6948"
"65","1214","7226"
"65","1483","8562"
"65","221","1119"
"65","11","9981"
"65","1171","1502"
"65","151","3392"
"65","1628","4664"
"65","1404","475"
"65","1142","1138"
"65","507","3910"
"65","423","1131"
"65","1799","7312"
"65","244","1294"
"65","24","6254"
"65","1553","9304"
"65","293","9437"
"65","44","7448"
"66","479","1202"
"66","1842","2622"
"66","729","563"
"66","879","6489"
"66","1846","1013"
"66","510","7045"
"66","997","178"
"66","10","6140"
"66","1985","4105"
"66","1002","6891"
"66","1075","6056"
"66","1559","4428"
"66","304","1476"
"66","215","1137"
"66","539","9290"
"66","1244","6673"
"66","1475","3814"
"66","314","5840"
"68","396","4463"
"68","1125","9727"
"68","1376","9534"
"68","1872","1829"
"68","668","4401"
"68","57","4379"
"68","466","2328"
"68","1440","8694"
"68","591","2733"
"68","1596","5145"
"68","463","5665"
"68","1877","864"
"68","453","8103"
"68","1142","3130"
"68","1392","6760"
"68","183","4542"
"68","820","1386"
"68","1512","8647"
"68","1515","3632"
"68","241","2253"
"68","940","5061"
"68","1126","7053"
"68","1236","7410"
"68","666","2186"
"68","1774","1623"
"68","1397","6237"
"68","1524","1988"
"68","706","3982"
"68","1458","5153"
"68","1907","8173"
"68","1304","4453"
"68","702","1709"
"68","66","18"
"68","1683","9185"
"68","783","1598"
"68","529","1388"
"68","1287","4423"
"68","442","2303"
"68","970","9261"
"68","1310","7962"
"68","765","2051"
"68","882","8927"
"68","660","2510"
"68","1867","3656"
"68","1832","6234"
"68","1682","8216"
"68","1972","965"
"68","846","3941"
"68","1595","2421"
"68","1606","7653"
"68","414","639"
"68","1048","5904"
"68","438","7172"
"68","622","777"
"68","315","3290"
"68","246","106"
"68","911","1243"
"68","939","6041"
"68","1900","316"
"68","794","5225"
"68","497","4117"
"68","1799","1434"
"68","1005","8582"
"68","631","2127"
"68","604","4174"
"68","371","9660"
"68","1589","9176"
"68","1064","4844"
"68","900","3125"
"68","1833","5606"
"68","721","8392"
"68","1490","5950"
"70","1404","1568"
"70","751","7726"
"70","1361","8817"
"70","233","7901"
"70","69","2165"
"70","376","5246"
"70","73","1532"
"70","1575","5106"
"70","843","194"
"70","473","6502"
"70","1696","8149"
"70","6","1469"
"70","1323","2940"
"70","909","1105"
"70","741","147"
"70","1871","3161"
"70","314","9911"
"70","626","7937"
"70","1093","8980"
"70","1930","6730"
"70","550","1619"
"70","1876","2977"
"70","164","2707"
"70","453","1792"
"70","812","6162"
"70","1919","8307"
"70","623","9218"
"70","519","862"
"70","1659","2438"
"73","251","8072"
"73","176","9370"
"73","164","3645"
"73","704","432"
"73","846","7592"
"73","1307","2388"
"73","1791","2820"
"73","261","4723"
"73","546","127"
"73","486","3489"
"73","29","5794"
"73","1960","9247"
"73","552","1957"
"73","20","7717"
"73","1415","3848"
"73","1515","2347"
"73","1159","274"
"73","301","9323"
"73","1192","2540"
"73","41","2899"
"73","876","2979"
"73","718","9866"
"73","154","1937"
"73","1174","6226"
"73","767","2594"
"73","139","8700"
"73","1900","5076"
"73","165","579"
"73","859","7530"
"73","1886","5703"
"73","333","9919"
"73","1008","5947"
"73","465","6570"
"73","1416","8326"
"73","379","2541"
"73","174","690"
"73","897","9655"
"73","1730","3577"
"73","25","2662"
"73","899","7089"
"73","1749","938"
"73","1979","443"
"73","1236","5665"
"73","661","922"
"73","1759","7990"
"73","1437","3964"
"73","1541","4206"
"73","1258","2439"
"73","647","3123"
"73","998","3429"
"73","1064","1459"
"73","1125","6936"
"73","1337","9002"
"73","1741","1770"
"73","939","939"
"73","1350","5379"
"73","85","1491"
"73","292","8626"
"73","1306","8235"
"73","270","2156"
"73","1332","5864"
"73","818","4138"
"73","1824","4208"
"73","1848","5512"
"73","1346","7776"
"73","1967","1418"
"77","1651","258"
"77","498","5656"
"77","203","6950"
"77","208","9092"
"77","638","9169"
"77","198","1218"
"77","171","5977"
"77","1872","7378"
"77","1028","8757"
"77","269","4195"
"77","73","4557"
"77","267","2617"
"77","51","5450"
"77","1094","4016"
"77","539","8093"
"77","195","7898"
"77","308","9031"
"77","511","3182"
"77","1329","5167"
"77","690","5979"
"77","521","6150"
"77","307","9281"
"77","1501","1122"
"77","1295","526"
"77","840","4738"
"77","1962","9319"
"77","1609","9124"
"77","259","7281"
"77","909","668"
"77","1520","9112"
"77","641","9558"
"77","741","9433"
"77","322","6030"
"77","489","604"
"77","745","5061"
"77","1061","3364"
"77","1954","7880"
"77","924","2646"
"77","28","9227"
"77","1420","7864"
"77","770","8070"
"77","1063","444"
"77","1639","8334"
"77","580","2943"
"77","233","9864"
"77","772","7468"
"77","466","5006"
"77","1186","8330"
"77","396","2810"
"77","454","1639"
"77","49","112"
"77","1418","8166"
"77","1762","826"
"77","65","3563"
"77","576","2902"
"77","608","2756"
"77","1848","5248"
"77","1616","7172"
"77","1257","9962"
"77","1238","8349"
"77","910","2012"
"77","866","9310"
"77","1978","6646"
"77","683","8948"
"77","1812","5565"
"77","1794","3994"
"77","611","2892"
"77","414","5773"
"77","1252","7737"
"77","19","3622"
"77","1745","306"
"77","799","7670"
"77","581","6887"
"77","25","6692"
"77","621","8169"
"77","1375","8162"
"77","459","9329"
"79","1293","3541"
"79","1367","6898"
"79","1796","6673"
"79","1833","9065"
"79","208","4665"
"79","647","2050"
"79","622","2894"
"79","1406","3363"
"79","397","4298"
"79","1020","4479"
"79","1567","7454"
"79","1075","8242"
"79","1611","1938"
"79","1172","3322"
"79","1629","9345"
"79","1531","695"
"79","65","770"
"79","417","5161"
"79","1724","9056"
"81","261","8862"
"81","1051","7329"
"81","1642","7122"
"81","345","5690"
"81","1923","6090"
"81","660","7331"
"81","1767","8122"
"81","477","8875"
"81","686","6430"
"81","84","5713"
"81","654","1466"
"81","201","7144"
"81","1503","9767"
"81","741","6121"
"81","1860","3567"
"81","1213","5451"
"81","208","2485"
"81","1103","3471"
"81","313","9939"
"81","1842","5438"
"81","722","9053"
"81","259","5771"
"81","882","8360"
"81","1800","1892"
"81","944","5130"
"81","1049","3870"
"81","611","9589"
"81","546","2573"
"81","1660","8413"
"81","1075","5515"
"81","595","8793"
"81","1574","2986"
"81","1076","3009"
"81","1967","2444"
"81","1309","5297"
"81","511","9418"
"81","913","6287"
"81","241","5179"
"81","519","9150"
"81","1522","546"
"81","703","7272"
"81","675","6230"
"81","1354","8706"
"81","840","8835"
"82","1098","6912"
"82","938","5159"
"82","1093","1089"
"82","1769","2665"
"82","1304","6980"
"82","161","6378"
"82","589","8649"
"82","28","3947"
"82","1005","1897"
"82","737","1909"
"82","106","3430"
"82","1247","9938"
"82","1842","4675"
"82","129","9687"
"82","658","9791"
"82","383","5253"
"82","1439","9049"
"82","1815","2187"
"82","1629","4838"
"82","698","9241"
"82","645","8444"
"82","1487","4812"
"82","1186","692"
"82","1729","7656"
"82","1239","3811"
"82","1800","146"
"82","1403","6123"
"82","392","5813"
"82","724","5447"
"82","703","6003"
"82","897","2413"
"82","361","9709"
"82","1430","8022"
"82","1791","5778"
"82","49","1500"
"82","235","5579"
"82","1545","1886"
"82","314","3293"
"82","1826","5650"
"82","799","5305"
"82","1232","2902"
"82","1307","4482"
"82","84","5022"
"82","642","6843"
"82","1350","1243"
"82","1311","3049"
"82","909","6453"
"82","1969","5659"
"82","1603","8035"
"82","1416","7110"
"82","704","5414"
"82","1469","6536"
"82","1602","2740"
"82","624","6271"
"82","1205","1249"
"82","1252","1075"
"82","1102","7605"
"82","420","7640"
"82","1458","6920"
"82","440","833"
"82","1235","4396"
"82","932","340"
"82","1233","1510"
"82","552","5626"
"82","1117","6240"
"82","1990","5182"
"82","364","1528"
"82","738","1505"
"82","693","5288"
"82","572","2247"
"82","1052","9122"
"82","539","3349"
"82","69","5897"
"82","321","4643"
"82","1124","1695"
"85","1103","876"
"85","717","8377"
"85","23","2992"
"85","364","1483"
"85","1403","7985"
"85","1016","2220"
"85","397","2733"
"85","57","8299"
"85","794","4474"
"85","1696","2761"
"85","482","3286"
"85","940","8866"
"85","1017","3748"
"85","423","7361"
"85","1300","8949"
"85","1031","4081"
"85","1006","7305"
"85","905","4105"
"85","1826","1257"
"85","68","3703"
"85","718","4804"
"85","745","8391"
"87","599","5329"
"87","1539","7764"
"87","190","4823"
"87","404","982"
"87","937","7273"
"87","451","5865"
"87","1434","3762"
"87","371","9007"
"87","1001","9946"
"87","842","8626"
"87","125","7307"
"87","1758","5888"
"87","1338","995"
"87","1143","1241"
"87","248","4385"
"87","489","9263"
"87","162","5864"
"87","1097","9612"
"87","1036","654"
"87","251","647"
"87","1052","6238"
"87","333","958"
"87","658","8006"
"87","479","2351"
"87","1160","6579"
"87","193","3619"
"87","1031","1890"
"87","1347","9094"
"87","740","5455"
"87","1842","2812"
"87","1804","6382"
"87","873","6192"
"87","458","501"
"87","1450","1661"
"87","1579","5158"
"87","1042","5707"
"87","1541","2897"
"87","1823","7131"
"87","418","1977"
"87","1182","2834"
"87","728","5355"
"87","1559","1228"
"87","1890","5557"
"87","552","6911"
"87","445","9643"
"87","376","3859"
"87","846","6932"
"87","307","9419"
"87","534","433"
"87","1578","668"
"87","1439","1096"
"87","1775","5044"
"87","1436","8164"
"87","1231","9041"
"87","1492","1769"
"87","647","2630"
"87","1944","5682"
"87","990","4587"
"87","799","2864"
"87","443","3057"
"87","233","8547"
"87","41","5017"
"87","1816","4852"
"87","1027","9572"
"87","1910","1118"
"87","654","4478"
"89","1188","8677"
"89","671","9460"
"89","823","8718"
"89","664","4141"
"89","655","9282"
"89","1490","9439"
"89","722","9357"
"89","439","7949"
"89","621","4792"
"89","209","4904"
"89","203","8416"
"89","1814","5046"
"89","1038","2734"
"89","1682","7767"
"89","1832","6477"
"89","1503","1703"
"89","489","8696"
"89","383","648"
"89","1272","6847"
"89","599","4311"
"89","1853","9795"
"89","740","7663"
"89","926","9363"
"89","990","2928"
"89","788","6866"
"89","1668","8617"
"89","595","6435"
"89","1346","249"
"89","1446","8167"
"89","660","3183"
"89","1269","64"
"89","1842","8227"
"89","787","135"
"89","1005","9363"
"89","1233","4526"
"89","1985","2079"
"89","686","8391"
"89","297","9386"
"89","54","7381"
"89","399","5716"
"89","0","3849"
"89","436","6341"
"89","1990","1994"
"89","1633","6374"
"89","1071","2265"
"89","422","5637"
"89","137","3498"
"89","1578","2369"
"89","432","1033"
"89","725","234"
"89","818","727"
"89","211","5096"
"89","1908","6676"
"89","1297","8223"
"89","1070","2567"
"90","220","9917"
"90","939","3151"
"90","1043","2203"
"90","686","3593"
"90","347","1585"
"90","1033","8101"
"90","1225","5185"
"90","24","9690"
"90","1795","4620"
"90","1887","6509"
"90","369","2481"
"90","85","1163"
"90","1406","3946"
"90","1667","8602"
"90","1901","3967"
"90","109","3910"
"90","737","5143"
"90","1297","7315"
"90","383","8039"
"90","111","8853"
"90","1611","4544"
"90","611","4798"
"90","1511","230"
"90","914","4555"
"90","1124","572"
"90","1323","8841"
"90","576","1862"
"90","1189","338"
"90","321","2055"
"90","1507","8533"
"90","1275","1644"
"90","666","2324"
"90","604","7856"
"90","1016","4496"
"90","612","3589"
"90","1668","4259"
"90","718","2699"
"90","714","127"
"90","746","5822"
"90","1842","247"
"90","1923","2884"
"90","147","6899"
"90","745","2652"
"90","228","4978"
"90","881","9036"
"90","1596","4792"
"90","186","63"
"90","1426","7886"
"90","1397","3179"
"90","1444","2375"
"90","323","9102"
"90","595","942"
"90","1051","2076"
"90","1902","8352"
"90","824","5837"
"90","422","4467"
"90","856","1513"
"90","556","926"
"90","1059","8032"
"90","828","5964"
"90","1413","9411"
"90","535","9803"
"90","1708","6370"
"90","769","7223"
"90","721","4933"
"90","1359","7679"
"90","1446","1919"
"90","630","890"
"90","1354","4816"
"90","246","4889"
"90","513","3560"
"90","153","1288"
"90","1396","8237"
"90","1126","1155"
"90","1515","6852"
"90","1040","432"
"90","1172","9867"
"90","1147","8376"
"90","1629","9726"
"92","636","7405"
"92","623","7217"
"92","1125","5317"
"92","793","5731"
"92","1589","6987"
"92","536","4935"
"92","473","8292"
"92","502","7550"
"92","299","1398"
"92","1671","6804"
"92","767","3581"
"92","1042","4300"
"92","107","997"
"92","1293","8573"
"92","218","2099"
"93","1764","6320"
"93","612","874"
"93","732","737"
"93","887","448"
"93","1893","17"
"93","767","5197"
"93","87","110"
"93","1463","3658"
"93","1786","9723"
"93","1276","9433"
"93","1798","3614"
"93","925","1200"
"93","301","3684"
"93","1939","9225"
"93","1231","6145"
"93","1657","175"
"93","1202","5471"
"93","129","8487"
"93","38","8336"
"93","1371","3450"
"93","1563","1228"
"93","1945","1626"
"93","297","5646"
"93","856","2206"
"93","794","9919"
"93","463","1703"
"93","151","8552"
"93","1603","9427"
"93","873","8589"
"93","364","8748"
"93","654","5924"
"93","1593","6739"
"93","1284","19"
"95","873","2431"
"95","1848","8931"
"95","1103","5224"
"95","1083","6465"
"95","1602","6535"
"95","339","7157"
"95","534","4229"
"95","938","5144"
"95","1751","357"
"95","250","3417"
"95","928","1767"
"95","843","2114"
"95","889","7380"
"95","209","9889"
"95","1532","5490"
"95","818","6918"
"95","738","4295"
"95","258","4619"
"95","167","1397"
"95","459","9838"
"95","777","4180"
"95","729","3737"
"95","834","949"
"95","1185","5414"
"95","1451","714"
"95","1416","1125"
"95","1593","4222"
"95","304","1787"
"95","1553","6320"
"95","378","6204"
"95","292","2548"
"95","1874","9912"
"95","482","6298"
"95","1507","3266"
"95","611","5645"
"95","1990","3204"
"95","28","556"
"95","739","1482"
"95","1667","8619"
"95","162","4215"
"95","114","444"
"95","1674","4496"
"95","845","2230"
"95","511","449"
"95","744","439"
"95","1347","2397"
"95","1444","1962"
"95","387","4030"
"95","636","1048"
"95","57","5234"
"95","347","9761"
"95","136","5109"
"95","438","9955"
"95","1142","2974"
"95","273","2877"
"95","702","3883"
"95","751","7631"
"95","1994","1711"
"95","828","2479"
"95","699","1984"
"95","771","4862"
"95","930","36"
"95","1310","4750"
"95","1756","9383"
"95","451","825"
"95","1361","982"
"95","1379","1969"
"95","1742","2643"
"95","510","6373"
"95","773","9616"
"95","127","305"
"95","1560","3606"
"95","76","3136"
"95","1768","4595"
"95","235","5638"
"95","944","7527"
"96","507","6659"
"96","963","889"
"96","221","4527"
"96","315","7599"
"96","1572","6910"
"96","447","3233"
"96","245","8256"
"96","1510","3669"
"96","1712","3835"
"96","719","3742"
"96","595","2839"
"96","1355","4357"
"96","1096","6317"
"96","1931","6040"
"96","378","8900"
"96","676","7284"
"96","76","766"
"96","812","7839"
"96","1213","9940"
"96","580","2409"
"96","710","592"
"96","423","790"
"96","934","7695"
"96","1109","6094"
"96","923","7316"
"96","686","2969"
"96","297","558"
"96","1605","8587"
"96","1375","4637"
"96","1541","2569"
"96","1522","493"
"96","267","2595"
"96","0","8189"
"96","654","6153"
"96","1108","2838"
"96","1127","8573"
"96","1426","5924"
"96","1016","7015"
"96","704","594"
"96","319","3290"
"96","1547","2427"
"96","1143","6197"
"96","497","3641"
"96","591","7356"
"96","368","3822"
"96","498","6116"
"96","1925","370"
"96","1749","8414"
"96","1511","333"
"96","1182","1318"
"96","1944","9944"
"96","1112","3176"
"96","417","987"
"96","1657","4603"
"96","1037","1451"
"96","102","2663"
"96","1189","532"
"96","215","1645"
"96","78","4004"
"96","286","6048"
"96","538","1828"
"96","1215","7228"
"96","937","3359"
"96","407","4168"
"96","1897","1486"
"96","903","984"
"96","540","1785"
"96","1337","2067"
"96","845","423"
"96","234","177"
"96","1650","9381"
"96","213","152"
"96","1505","1840"
"97","23","5954"
"97","1960","6298"
"97","437","7621"
"97","1372","8151"
"97","322","7663"
"97","1507","4421"
"97","519","2906"
"97","1338","2772"
"97","1908","3006"
"97","1270","2473"
"97","1353","4807"
"97","1487","662"
"97","658","5245"
"97","1016","5691"
"97","1233","6533"
"97","1476","4557"
"97","1329","4583"
"97","539","2958"
"97","580","299"
"97","957","4812"
"97","438","2286"
"97","1275","3303"
"97","697","6155"
"97","725","416"
"97","1309","6026"
"97","343","6264"
"97","1081","3645"
"97","1041","6234"
"97","572","9915"
"97","34","4700"
"97","741","1437"
"97","1542","9438"
"97","1886","1104"
"97","1832","4429"
"97","916","2204"
"97","1914","3029"
"97","843","5618"
"97","1426","9568"
"97","151","4359"
"97","876","8732"
"97","392","2749"
"97","828","4206"
"97","905","9724"
"97","154","4929"
"97","482","5436"
"97","260","6407"
"97","680","3275"
"97","1605","9807"
"97","1225","9879"
"97","1664","472"
"97","1451","5221"
"97","1287","2371"
"97","1108","3002"
"97","1217","2883"
"97","304","1522"
"97","114","6999"
"97","1054","1268"
"97","751","723"
"97","407","3823"
"97","1143","7996"
"97","1258","2781"
"97","249","223"
"97","1001","8340"
"97","325","1209"
"97","1036","7704"
"97","432","7841"
"97","1871","8327"
"97","1086","6547"
"97","690","8490"
"97","1322","1790"
"97","886","1253"
"97","899","7627"
"98","1011","1592"
"98","484","5885"
"99","740","9259"
"99","1356","7170"
"99","1897","1375"
"99","1239","9363"
"99","181","1291"
"99","622","7139"
"99","601","844"
"99","925","942"
"99","1202","7983"
"99","84","6652"
"99","237","4073"
"99","1489","553"
"99","1073","3596"
"99","425","4150"
"99","671","6264"
"99","83","4315"
"99","533","8840"
"99","312","8282"
"99","147","3572"
"99","789","1748"
"99","1525","3564"
"99","665","210"
"99","129","921"
"99","1227","6976"
"99","1547","687"
"99","1006","1004"
"99","1061","2450"
"99","1651","9618"
"99","11","1455"
"99","281","7867"
"99","570","6990"
"99","186","8326"
"99","1886","5567"
"99","221","2961"
"99","1186","6089"
"99","1491","7899"
"99","1434","1357"
"99","970","96"
"99","686","7980"
"99","589","9651"
"99","1338","5838"
"99","1320","4219"
"99","372","6865"
"99","673","6535"
"99","1082","1982"
"99","1992","8013"
"99","1159","7674"
"99","1244","9948"
"99","1560","4108"
"99","717","3696"
"99","1140","9124"
"99","233","797"
"99","937","668"
"99","1923","2168"
"99","728","7310"
"99","577","6086"
"99","530","304"
"99","399","6795"
"99","631","7957"
"99","445","6061"
"99","284","363"
"99","102","6325"
"99","1822","8829"
"99","938","9176"
"99","1529","7178"
"99","909","6818"
"99","294","9682"
"99","269","3514"
"99","250","5410"
"99","638","3587"
"99","1422","2045"
"99","645","4599"
"99","98","3113"
"99","1045","5581"
"99","1769","2898"
"99","1783","6926"
"99","343","2498"
"99","1800","1695"
"99","1745","5497"
"99","1503","2959"
"99","1475","1035"
"99","1346","777"
"99","1935","2053"
"99","470","4382"
"99","36","122"
"99","1954","4411"
"99","1484","4008"
"99","1371","9237"
"99","1577","8343"
"99","65","3981"
"99","1532","8537"
"99","165","2725"
